{
    "version": 8,
    "name": "paintline2_Basic",
    "metadata": {
        "mapbox:autocomposite": true,
        "mapbox:type": "template",
        "mapbox:trackposition": false,
        "mapbox:sdk-support": {
            "js": "0.40.0",
            "android": "5.2.0",
            "ios": "3.7.0"
        },
        "mapbox:groups": {}
    },
    "center": [116.38967514038087,39.91763621372857],
    "zoom": 12,
    "bearing": 0,
    "pitch": 0,
    "sources": {
        "SRmap": {
            "type": "vector",
            "scheme": "xyz",
            "tiles": ["http://121.199.14.136:5000/mvt/test/{z}/{x}/{y}.mvt"]
        }
    },
    "sprite": "./style/icon/sprite/sprite",
    "glyphs": "mapbox://fonts/xgar/{fontstack}/{range}.pbf",
    "layers": [
        {
            "id": "background",
            "type": "background",
            "paint": {"background-color": "#dedede"}
        },
        {
            "id": "landuse_overlay_national_park",
            "type": "fill",
            "source": "SRmap",
            "source-layer": "landuse",
            "filter": ["==", "landuse", "commercial"],
            "paint": {"fill-color": "#d2edae", "fill-opacity": 0.75}
        },
        {
            "id": "landuse_park",
            "type": "fill",
            "source": "SRmap",
            "source-layer": "landuse",
            "filter": ["==", "landuse", "park"],
            "paint": {"fill-color": "#b0eec9"}
        },
        {
            "id": "SRmap landuse",
            "type": "fill",
            "source": "SRmap",
            "source-layer": "landuse",
            "layout": {},
            "paint": {
                "fill-color": "#458B00",
                "fill-opacity": [
                    "interpolate",
                    ["linear"],
                    ["zoom"],
                    13.5,
                    0.3,
                    14,
                    0.8
                ]
            }
        },
        {
            "id": "building",
            "type": "fill",
            "source": "SRmap",
            "source-layer": "building",
            "paint": {"fill-color": "#d6d6d6"}
        },
        {
            "id": "3D-buildings",
            "source": "SRmap",
            "source-layer": "building",
            "type": "fill-extrusion",
            "minzoom": 12,
            "paint": {
                "fill-extrusion-color": "#aaa",
                "fill-extrusion-height": [
                    "case", 
                    ["has", "height"],
                    ["to-number",["get", "height"]],
                    ["has", "building:levels"],
                    ["*",3,["to-number",["get", "building:levels"]]],
                    0
                ],
                "fill-extrusion-base":0,
                "fill-extrusion-opacity":0.7
            }
        },
        {
            "id": "road_major",
            "type": "line",
            "source": "SRmap",
            "source-layer": "highway",
            "filter": [
                "all",
                ["==", "$type", "LineString"],
                [
                    "in",
                    "highway",
                    "motorway",
                    "primary",
                    "secondary",
                    "tertiary",
                    "trunk"
                ]
            ],
            "layout": {"line-cap": "round", "line-join": "round"},
            "paint": {
                "line-color": "#fff",
                "line-width": {"base": 1.4, "stops": [[6, 0.5], [20, 30]]}
            }
        },
        {
            "id": "road_major_label",
            "type": "symbol",
            "source": "SRmap",
            "source-layer": "highway",
            "filter": [
                "all",
                ["==", "$type", "LineString"],
                [
                    "in",
                    "highway",
                    "motorway",
                    "primary",
                    "secondary",
                    "tertiary",
                    "trunk"
                ]
            ],
            "layout": {
                "symbol-placement": "line",
                "text-field": "{name}",
                "text-font": ["Open Sans Semibold", "Arial Unicode MS Bold"],
                "text-transform": "uppercase",
                "text-letter-spacing": 0.1,
                "text-size": {"base": 1.4, "stops": [[10, 8], [20, 14]]}
            },
            "paint": {
                "text-color": "#666",
                "text-halo-color": "rgba(255,255,255,0.75)",
                "text-halo-width": 2
            }
        },
        {
            "id": "poiname_SRmap",
            "type": "symbol",
            "source": "SRmap",
            "source-layer": "poi",
            "minzoom": 13.5,
            "layout": {
                "text-field": "{name}",
                "icon-image": "marker-15",
                "text-offset": [0, 0.5],
                "text-font": ["Open Sans Semibold", "Arial Unicode MS Bold"],
                "text-max-width": 8,
                "text-anchor": "top",
                "text-size": 11
            },
            "paint": {
                "text-color": "#FF00FF",
                "text-halo-width": 0,
                "text-halo-color": "rgba(255,0,255,0.8)",
                "text-halo-blur": 1
            }
        }
    ],
    "created": "2017-11-12T15:38:45.427Z",
    "id": "cj9wxdbj6675b2sqnctx1bw6i",
    "modified": "2019-12-05T09:57:50.351Z",
    "owner": "xgar",
    "visibility": "private",
    "draft": false
}