{"airfield-15":{"width":42,"height":42,"x":0,"y":0,"pixelRatio":2,"visible":true},"airport-15":{"width":42,"height":42,"x":42,"y":0,"pixelRatio":2,"visible":true},"alcohol-shop-15":{"width":42,"height":42,"x":0,"y":42,"pixelRatio":2,"visible":true},"amusement-park-15":{"width":42,"height":42,"x":42,"y":42,"pixelRatio":2,"visible":true},"aquarium-15":{"width":42,"height":42,"x":84,"y":0,"pixelRatio":2,"visible":true},"art-gallery-15":{"width":42,"height":42,"x":126,"y":0,"pixelRatio":2,"visible":true},"attraction-15":{"width":42,"height":42,"x":84,"y":42,"pixelRatio":2,"visible":true},"bakery-15":{"width":42,"height":42,"x":126,"y":42,"pixelRatio":2,"visible":true},"bank-15":{"width":42,"height":42,"x":0,"y":84,"pixelRatio":2,"visible":true},"bar-15":{"width":42,"height":42,"x":42,"y":84,"pixelRatio":2,"visible":true},"beer-15":{"width":42,"height":42,"x":84,"y":84,"pixelRatio":2,"visible":true},"bicycle-15":{"width":42,"height":42,"x":126,"y":84,"pixelRatio":2,"visible":true},"bicycle-share-15":{"width":42,"height":42,"x":0,"y":126,"pixelRatio":2,"visible":true},"bus-15":{"width":42,"height":42,"x":42,"y":126,"pixelRatio":2,"visible":true},"cafe-15":{"width":42,"height":42,"x":84,"y":126,"pixelRatio":2,"visible":true},"campsite-15":{"width":42,"height":42,"x":126,"y":126,"pixelRatio":2,"visible":true},"car-15":{"width":42,"height":42,"x":168,"y":0,"pixelRatio":2,"visible":true},"castle-15":{"width":42,"height":42,"x":210,"y":0,"pixelRatio":2,"visible":true},"cemetery-15":{"width":42,"height":42,"x":252,"y":0,"pixelRatio":2,"visible":true},"cinema-15":{"width":42,"height":42,"x":294,"y":0,"pixelRatio":2,"visible":true},"circle-15":{"width":42,"height":42,"x":168,"y":42,"pixelRatio":2,"visible":true},"circle-stroked-15":{"width":42,"height":42,"x":210,"y":42,"pixelRatio":2,"visible":true},"clothing-store-15":{"width":42,"height":42,"x":252,"y":42,"pixelRatio":2,"visible":true},"college-15":{"width":42,"height":42,"x":294,"y":42,"pixelRatio":2,"visible":true},"dentist-15":{"width":42,"height":42,"x":168,"y":84,"pixelRatio":2,"visible":true},"doctor-15":{"width":42,"height":42,"x":210,"y":84,"pixelRatio":2,"visible":true},"dog-park-15":{"width":42,"height":42,"x":252,"y":84,"pixelRatio":2,"visible":true},"drinking-water-15":{"width":42,"height":42,"x":294,"y":84,"pixelRatio":2,"visible":true},"embassy-15":{"width":42,"height":42,"x":168,"y":126,"pixelRatio":2,"visible":true},"entrance-15":{"width":42,"height":42,"x":210,"y":126,"pixelRatio":2,"visible":true},"fast-food-15":{"width":42,"height":42,"x":252,"y":126,"pixelRatio":2,"visible":true},"ferry-15":{"width":42,"height":42,"x":294,"y":126,"pixelRatio":2,"visible":true},"fire-station-15":{"width":42,"height":42,"x":0,"y":168,"pixelRatio":2,"visible":true},"fuel-15":{"width":42,"height":42,"x":42,"y":168,"pixelRatio":2,"visible":true},"garden-15":{"width":42,"height":42,"x":84,"y":168,"pixelRatio":2,"visible":true},"golf-15":{"width":42,"height":42,"x":126,"y":168,"pixelRatio":2,"visible":true},"grocery-15":{"width":42,"height":42,"x":168,"y":168,"pixelRatio":2,"visible":true},"harbor-15":{"width":42,"height":42,"x":210,"y":168,"pixelRatio":2,"visible":true},"heliport-15":{"width":42,"height":42,"x":252,"y":168,"pixelRatio":2,"visible":true},"hospital-15":{"width":42,"height":42,"x":294,"y":168,"pixelRatio":2,"visible":true},"ice-cream-15":{"width":42,"height":42,"x":0,"y":210,"pixelRatio":2,"visible":true},"information-15":{"width":42,"height":42,"x":42,"y":210,"pixelRatio":2,"visible":true},"laundry-15":{"width":42,"height":42,"x":84,"y":210,"pixelRatio":2,"visible":true},"library-15":{"width":42,"height":42,"x":126,"y":210,"pixelRatio":2,"visible":true},"lodging-15":{"width":42,"height":42,"x":168,"y":210,"pixelRatio":2,"visible":true},"marker-15":{"width":42,"height":42,"x":210,"y":210,"pixelRatio":2,"visible":true},"monument-15":{"width":42,"height":42,"x":252,"y":210,"pixelRatio":2,"visible":true},"mountain-15":{"width":42,"height":42,"x":294,"y":210,"pixelRatio":2,"visible":true},"museum-15":{"width":42,"height":42,"x":0,"y":252,"pixelRatio":2,"visible":true},"music-15":{"width":42,"height":42,"x":42,"y":252,"pixelRatio":2,"visible":true},"park-15":{"width":42,"height":42,"x":84,"y":252,"pixelRatio":2,"visible":true},"pharmacy-15":{"width":42,"height":42,"x":126,"y":252,"pixelRatio":2,"visible":true},"picnic-site-15":{"width":42,"height":42,"x":168,"y":252,"pixelRatio":2,"visible":true},"place-of-worship-15":{"width":42,"height":42,"x":210,"y":252,"pixelRatio":2,"visible":true},"playground-15":{"width":42,"height":42,"x":252,"y":252,"pixelRatio":2,"visible":true},"police-15":{"width":42,"height":42,"x":294,"y":252,"pixelRatio":2,"visible":true},"post-15":{"width":42,"height":42,"x":0,"y":294,"pixelRatio":2,"visible":true},"prison-15":{"width":42,"height":42,"x":42,"y":294,"pixelRatio":2,"visible":true},"rail-15":{"width":42,"height":42,"x":84,"y":294,"pixelRatio":2,"visible":true},"rail-light-15":{"width":42,"height":42,"x":126,"y":294,"pixelRatio":2,"visible":true},"rail-metro-15":{"width":42,"height":42,"x":168,"y":294,"pixelRatio":2,"visible":true},"religious-christian-15":{"width":42,"height":42,"x":210,"y":294,"pixelRatio":2,"visible":true},"religious-jewish-15":{"width":42,"height":42,"x":252,"y":294,"pixelRatio":2,"visible":true},"religious-muslim-15":{"width":42,"height":42,"x":294,"y":294,"pixelRatio":2,"visible":true},"restaurant-15":{"width":42,"height":42,"x":336,"y":0,"pixelRatio":2,"visible":true},"rocket-15":{"width":42,"height":42,"x":378,"y":0,"pixelRatio":2,"visible":true},"school-15":{"width":42,"height":42,"x":420,"y":0,"pixelRatio":2,"visible":true},"shop-15":{"width":42,"height":42,"x":462,"y":0,"pixelRatio":2,"visible":true},"stadium-15":{"width":42,"height":42,"x":504,"y":0,"pixelRatio":2,"visible":true},"star-15":{"width":42,"height":42,"x":546,"y":0,"pixelRatio":2,"visible":true},"suitcase-15":{"width":42,"height":42,"x":588,"y":0,"pixelRatio":2,"visible":true},"swimming-15":{"width":42,"height":42,"x":630,"y":0,"pixelRatio":2,"visible":true},"theatre-15":{"width":42,"height":42,"x":336,"y":42,"pixelRatio":2,"visible":true},"toilet-15":{"width":42,"height":42,"x":378,"y":42,"pixelRatio":2,"visible":true},"town-hall-15":{"width":42,"height":42,"x":420,"y":42,"pixelRatio":2,"visible":true},"triangle-15":{"width":42,"height":42,"x":462,"y":42,"pixelRatio":2,"visible":true},"triangle-stroked-15":{"width":42,"height":42,"x":504,"y":42,"pixelRatio":2,"visible":true},"veterinary-15":{"width":42,"height":42,"x":546,"y":42,"pixelRatio":2,"visible":true},"volcano-15":{"width":42,"height":42,"x":588,"y":42,"pixelRatio":2,"visible":true},"zoo-15":{"width":42,"height":42,"x":630,"y":42,"pixelRatio":2,"visible":true},"airfield-11":{"width":34,"height":34,"x":336,"y":84,"pixelRatio":2,"visible":true},"airport-11":{"width":34,"height":34,"x":370,"y":84,"pixelRatio":2,"visible":true},"alcohol-shop-11":{"width":34,"height":34,"x":404,"y":84,"pixelRatio":2,"visible":true},"amusement-park-11":{"width":34,"height":34,"x":438,"y":84,"pixelRatio":2,"visible":true},"aquarium-11":{"width":34,"height":34,"x":472,"y":84,"pixelRatio":2,"visible":true},"art-gallery-11":{"width":34,"height":34,"x":506,"y":84,"pixelRatio":2,"visible":true},"attraction-11":{"width":34,"height":34,"x":540,"y":84,"pixelRatio":2,"visible":true},"bakery-11":{"width":34,"height":34,"x":574,"y":84,"pixelRatio":2,"visible":true},"bank-11":{"width":34,"height":34,"x":608,"y":84,"pixelRatio":2,"visible":true},"bar-11":{"width":34,"height":34,"x":336,"y":126,"pixelRatio":2,"visible":true},"beer-11":{"width":34,"height":34,"x":370,"y":126,"pixelRatio":2,"visible":true},"bicycle-11":{"width":34,"height":34,"x":404,"y":126,"pixelRatio":2,"visible":true},"bicycle-share-11":{"width":34,"height":34,"x":438,"y":126,"pixelRatio":2,"visible":true},"bus-11":{"width":34,"height":34,"x":472,"y":126,"pixelRatio":2,"visible":true},"cafe-11":{"width":34,"height":34,"x":506,"y":126,"pixelRatio":2,"visible":true},"campsite-11":{"width":34,"height":34,"x":540,"y":126,"pixelRatio":2,"visible":true},"car-11":{"width":34,"height":34,"x":574,"y":126,"pixelRatio":2,"visible":true},"castle-11":{"width":34,"height":34,"x":608,"y":126,"pixelRatio":2,"visible":true},"cemetery-11":{"width":34,"height":34,"x":336,"y":168,"pixelRatio":2,"visible":true},"cinema-11":{"width":34,"height":34,"x":370,"y":168,"pixelRatio":2,"visible":true},"circle-11":{"width":34,"height":34,"x":404,"y":168,"pixelRatio":2,"visible":true},"circle-stroked-11":{"width":34,"height":34,"x":438,"y":168,"pixelRatio":2,"visible":true},"clothing-store-11":{"width":34,"height":34,"x":472,"y":168,"pixelRatio":2,"visible":true},"college-11":{"width":34,"height":34,"x":506,"y":168,"pixelRatio":2,"visible":true},"dentist-11":{"width":34,"height":34,"x":540,"y":168,"pixelRatio":2,"visible":true},"doctor-11":{"width":34,"height":34,"x":574,"y":168,"pixelRatio":2,"visible":true},"dog-park-11":{"width":34,"height":34,"x":608,"y":168,"pixelRatio":2,"visible":true},"drinking-water-11":{"width":34,"height":34,"x":336,"y":210,"pixelRatio":2,"visible":true},"embassy-11":{"width":34,"height":34,"x":370,"y":210,"pixelRatio":2,"visible":true},"entrance-11":{"width":34,"height":34,"x":404,"y":210,"pixelRatio":2,"visible":true},"fast-food-11":{"width":34,"height":34,"x":438,"y":210,"pixelRatio":2,"visible":true},"ferry-11":{"width":34,"height":34,"x":472,"y":210,"pixelRatio":2,"visible":true},"fire-station-11":{"width":34,"height":34,"x":506,"y":210,"pixelRatio":2,"visible":true},"fuel-11":{"width":34,"height":34,"x":540,"y":210,"pixelRatio":2,"visible":true},"garden-11":{"width":34,"height":34,"x":574,"y":210,"pixelRatio":2,"visible":true},"golf-11":{"width":34,"height":34,"x":608,"y":210,"pixelRatio":2,"visible":true},"grocery-11":{"width":34,"height":34,"x":336,"y":252,"pixelRatio":2,"visible":true},"harbor-11":{"width":34,"height":34,"x":370,"y":252,"pixelRatio":2,"visible":true},"heliport-11":{"width":34,"height":34,"x":404,"y":252,"pixelRatio":2,"visible":true},"hospital-11":{"width":34,"height":34,"x":438,"y":252,"pixelRatio":2,"visible":true},"ice-cream-11":{"width":34,"height":34,"x":472,"y":252,"pixelRatio":2,"visible":true},"information-11":{"width":34,"height":34,"x":506,"y":252,"pixelRatio":2,"visible":true},"laundry-11":{"width":34,"height":34,"x":540,"y":252,"pixelRatio":2,"visible":true},"library-11":{"width":34,"height":34,"x":574,"y":252,"pixelRatio":2,"visible":true},"lodging-11":{"width":34,"height":34,"x":608,"y":252,"pixelRatio":2,"visible":true},"marker-11":{"width":34,"height":34,"x":336,"y":294,"pixelRatio":2,"visible":true},"monument-11":{"width":34,"height":34,"x":370,"y":294,"pixelRatio":2,"visible":true},"mountain-11":{"width":34,"height":34,"x":404,"y":294,"pixelRatio":2,"visible":true},"museum-11":{"width":34,"height":34,"x":438,"y":294,"pixelRatio":2,"visible":true},"music-11":{"width":34,"height":34,"x":472,"y":294,"pixelRatio":2,"visible":true},"park-11":{"width":34,"height":34,"x":506,"y":294,"pixelRatio":2,"visible":true},"pharmacy-11":{"width":34,"height":34,"x":540,"y":294,"pixelRatio":2,"visible":true},"picnic-site-11":{"width":34,"height":34,"x":574,"y":294,"pixelRatio":2,"visible":true},"place-of-worship-11":{"width":34,"height":34,"x":608,"y":294,"pixelRatio":2,"visible":true},"playground-11":{"width":34,"height":34,"x":0,"y":336,"pixelRatio":2,"visible":true},"police-11":{"width":34,"height":34,"x":34,"y":336,"pixelRatio":2,"visible":true},"post-11":{"width":34,"height":34,"x":68,"y":336,"pixelRatio":2,"visible":true},"prison-11":{"width":34,"height":34,"x":102,"y":336,"pixelRatio":2,"visible":true},"rail-11":{"width":34,"height":34,"x":136,"y":336,"pixelRatio":2,"visible":true},"rail-light-11":{"width":34,"height":34,"x":170,"y":336,"pixelRatio":2,"visible":true},"rail-metro-11":{"width":34,"height":34,"x":204,"y":336,"pixelRatio":2,"visible":true},"religious-christian-11":{"width":34,"height":34,"x":238,"y":336,"pixelRatio":2,"visible":true},"religious-jewish-11":{"width":34,"height":34,"x":272,"y":336,"pixelRatio":2,"visible":true},"religious-muslim-11":{"width":34,"height":34,"x":306,"y":336,"pixelRatio":2,"visible":true},"restaurant-11":{"width":34,"height":34,"x":340,"y":336,"pixelRatio":2,"visible":true},"rocket-11":{"width":34,"height":34,"x":374,"y":336,"pixelRatio":2,"visible":true},"school-11":{"width":34,"height":34,"x":408,"y":336,"pixelRatio":2,"visible":true},"shop-11":{"width":34,"height":34,"x":442,"y":336,"pixelRatio":2,"visible":true},"stadium-11":{"width":34,"height":34,"x":476,"y":336,"pixelRatio":2,"visible":true},"star-11":{"width":34,"height":34,"x":510,"y":336,"pixelRatio":2,"visible":true},"suitcase-11":{"width":34,"height":34,"x":544,"y":336,"pixelRatio":2,"visible":true},"swimming-11":{"width":34,"height":34,"x":578,"y":336,"pixelRatio":2,"visible":true},"theatre-11":{"width":34,"height":34,"x":612,"y":336,"pixelRatio":2,"visible":true},"toilet-11":{"width":34,"height":34,"x":0,"y":370,"pixelRatio":2,"visible":true},"town-hall-11":{"width":34,"height":34,"x":34,"y":370,"pixelRatio":2,"visible":true},"triangle-11":{"width":34,"height":34,"x":68,"y":370,"pixelRatio":2,"visible":true},"triangle-stroked-11":{"width":34,"height":34,"x":102,"y":370,"pixelRatio":2,"visible":true},"veterinary-11":{"width":34,"height":34,"x":136,"y":370,"pixelRatio":2,"visible":true},"volcano-11":{"width":34,"height":34,"x":170,"y":370,"pixelRatio":2,"visible":true},"zoo-11":{"width":34,"height":34,"x":204,"y":370,"pixelRatio":2,"visible":true}}