{"airfield-15":{"width":21,"height":21,"x":0,"y":0,"pixelRatio":1,"visible":true},"airport-15":{"width":21,"height":21,"x":21,"y":0,"pixelRatio":1,"visible":true},"alcohol-shop-15":{"width":21,"height":21,"x":0,"y":21,"pixelRatio":1,"visible":true},"amusement-park-15":{"width":21,"height":21,"x":21,"y":21,"pixelRatio":1,"visible":true},"aquarium-15":{"width":21,"height":21,"x":42,"y":0,"pixelRatio":1,"visible":true},"art-gallery-15":{"width":21,"height":21,"x":63,"y":0,"pixelRatio":1,"visible":true},"attraction-15":{"width":21,"height":21,"x":42,"y":21,"pixelRatio":1,"visible":true},"bakery-15":{"width":21,"height":21,"x":63,"y":21,"pixelRatio":1,"visible":true},"bank-15":{"width":21,"height":21,"x":0,"y":42,"pixelRatio":1,"visible":true},"bar-15":{"width":21,"height":21,"x":21,"y":42,"pixelRatio":1,"visible":true},"beer-15":{"width":21,"height":21,"x":42,"y":42,"pixelRatio":1,"visible":true},"bicycle-15":{"width":21,"height":21,"x":63,"y":42,"pixelRatio":1,"visible":true},"bicycle-share-15":{"width":21,"height":21,"x":0,"y":63,"pixelRatio":1,"visible":true},"bus-15":{"width":21,"height":21,"x":21,"y":63,"pixelRatio":1,"visible":true},"cafe-15":{"width":21,"height":21,"x":42,"y":63,"pixelRatio":1,"visible":true},"campsite-15":{"width":21,"height":21,"x":63,"y":63,"pixelRatio":1,"visible":true},"car-15":{"width":21,"height":21,"x":84,"y":0,"pixelRatio":1,"visible":true},"castle-15":{"width":21,"height":21,"x":105,"y":0,"pixelRatio":1,"visible":true},"cemetery-15":{"width":21,"height":21,"x":126,"y":0,"pixelRatio":1,"visible":true},"cinema-15":{"width":21,"height":21,"x":147,"y":0,"pixelRatio":1,"visible":true},"circle-15":{"width":21,"height":21,"x":84,"y":21,"pixelRatio":1,"visible":true},"circle-stroked-15":{"width":21,"height":21,"x":105,"y":21,"pixelRatio":1,"visible":true},"clothing-store-15":{"width":21,"height":21,"x":126,"y":21,"pixelRatio":1,"visible":true},"college-15":{"width":21,"height":21,"x":147,"y":21,"pixelRatio":1,"visible":true},"dentist-15":{"width":21,"height":21,"x":84,"y":42,"pixelRatio":1,"visible":true},"doctor-15":{"width":21,"height":21,"x":105,"y":42,"pixelRatio":1,"visible":true},"dog-park-15":{"width":21,"height":21,"x":126,"y":42,"pixelRatio":1,"visible":true},"drinking-water-15":{"width":21,"height":21,"x":147,"y":42,"pixelRatio":1,"visible":true},"embassy-15":{"width":21,"height":21,"x":84,"y":63,"pixelRatio":1,"visible":true},"entrance-15":{"width":21,"height":21,"x":105,"y":63,"pixelRatio":1,"visible":true},"fast-food-15":{"width":21,"height":21,"x":126,"y":63,"pixelRatio":1,"visible":true},"ferry-15":{"width":21,"height":21,"x":147,"y":63,"pixelRatio":1,"visible":true},"fire-station-15":{"width":21,"height":21,"x":0,"y":84,"pixelRatio":1,"visible":true},"fuel-15":{"width":21,"height":21,"x":21,"y":84,"pixelRatio":1,"visible":true},"garden-15":{"width":21,"height":21,"x":42,"y":84,"pixelRatio":1,"visible":true},"golf-15":{"width":21,"height":21,"x":63,"y":84,"pixelRatio":1,"visible":true},"grocery-15":{"width":21,"height":21,"x":84,"y":84,"pixelRatio":1,"visible":true},"harbor-15":{"width":21,"height":21,"x":105,"y":84,"pixelRatio":1,"visible":true},"heliport-15":{"width":21,"height":21,"x":126,"y":84,"pixelRatio":1,"visible":true},"hospital-15":{"width":21,"height":21,"x":147,"y":84,"pixelRatio":1,"visible":true},"ice-cream-15":{"width":21,"height":21,"x":0,"y":105,"pixelRatio":1,"visible":true},"information-15":{"width":21,"height":21,"x":21,"y":105,"pixelRatio":1,"visible":true},"laundry-15":{"width":21,"height":21,"x":42,"y":105,"pixelRatio":1,"visible":true},"library-15":{"width":21,"height":21,"x":63,"y":105,"pixelRatio":1,"visible":true},"lodging-15":{"width":21,"height":21,"x":84,"y":105,"pixelRatio":1,"visible":true},"marker-15":{"width":21,"height":21,"x":105,"y":105,"pixelRatio":1,"visible":true},"monument-15":{"width":21,"height":21,"x":126,"y":105,"pixelRatio":1,"visible":true},"mountain-15":{"width":21,"height":21,"x":147,"y":105,"pixelRatio":1,"visible":true},"museum-15":{"width":21,"height":21,"x":0,"y":126,"pixelRatio":1,"visible":true},"music-15":{"width":21,"height":21,"x":21,"y":126,"pixelRatio":1,"visible":true},"park-15":{"width":21,"height":21,"x":42,"y":126,"pixelRatio":1,"visible":true},"pharmacy-15":{"width":21,"height":21,"x":63,"y":126,"pixelRatio":1,"visible":true},"picnic-site-15":{"width":21,"height":21,"x":84,"y":126,"pixelRatio":1,"visible":true},"place-of-worship-15":{"width":21,"height":21,"x":105,"y":126,"pixelRatio":1,"visible":true},"playground-15":{"width":21,"height":21,"x":126,"y":126,"pixelRatio":1,"visible":true},"police-15":{"width":21,"height":21,"x":147,"y":126,"pixelRatio":1,"visible":true},"post-15":{"width":21,"height":21,"x":0,"y":147,"pixelRatio":1,"visible":true},"prison-15":{"width":21,"height":21,"x":21,"y":147,"pixelRatio":1,"visible":true},"rail-15":{"width":21,"height":21,"x":42,"y":147,"pixelRatio":1,"visible":true},"rail-light-15":{"width":21,"height":21,"x":63,"y":147,"pixelRatio":1,"visible":true},"rail-metro-15":{"width":21,"height":21,"x":84,"y":147,"pixelRatio":1,"visible":true},"religious-christian-15":{"width":21,"height":21,"x":105,"y":147,"pixelRatio":1,"visible":true},"religious-jewish-15":{"width":21,"height":21,"x":126,"y":147,"pixelRatio":1,"visible":true},"religious-muslim-15":{"width":21,"height":21,"x":147,"y":147,"pixelRatio":1,"visible":true},"restaurant-15":{"width":21,"height":21,"x":168,"y":0,"pixelRatio":1,"visible":true},"rocket-15":{"width":21,"height":21,"x":189,"y":0,"pixelRatio":1,"visible":true},"school-15":{"width":21,"height":21,"x":210,"y":0,"pixelRatio":1,"visible":true},"shop-15":{"width":21,"height":21,"x":231,"y":0,"pixelRatio":1,"visible":true},"stadium-15":{"width":21,"height":21,"x":252,"y":0,"pixelRatio":1,"visible":true},"star-15":{"width":21,"height":21,"x":273,"y":0,"pixelRatio":1,"visible":true},"suitcase-15":{"width":21,"height":21,"x":294,"y":0,"pixelRatio":1,"visible":true},"swimming-15":{"width":21,"height":21,"x":315,"y":0,"pixelRatio":1,"visible":true},"theatre-15":{"width":21,"height":21,"x":168,"y":21,"pixelRatio":1,"visible":true},"toilet-15":{"width":21,"height":21,"x":189,"y":21,"pixelRatio":1,"visible":true},"town-hall-15":{"width":21,"height":21,"x":210,"y":21,"pixelRatio":1,"visible":true},"triangle-15":{"width":21,"height":21,"x":231,"y":21,"pixelRatio":1,"visible":true},"triangle-stroked-15":{"width":21,"height":21,"x":252,"y":21,"pixelRatio":1,"visible":true},"veterinary-15":{"width":21,"height":21,"x":273,"y":21,"pixelRatio":1,"visible":true},"volcano-15":{"width":21,"height":21,"x":294,"y":21,"pixelRatio":1,"visible":true},"zoo-15":{"width":21,"height":21,"x":315,"y":21,"pixelRatio":1,"visible":true},"airfield-11":{"width":17,"height":17,"x":168,"y":42,"pixelRatio":1,"visible":true},"airport-11":{"width":17,"height":17,"x":185,"y":42,"pixelRatio":1,"visible":true},"alcohol-shop-11":{"width":17,"height":17,"x":202,"y":42,"pixelRatio":1,"visible":true},"amusement-park-11":{"width":17,"height":17,"x":219,"y":42,"pixelRatio":1,"visible":true},"aquarium-11":{"width":17,"height":17,"x":236,"y":42,"pixelRatio":1,"visible":true},"art-gallery-11":{"width":17,"height":17,"x":253,"y":42,"pixelRatio":1,"visible":true},"attraction-11":{"width":17,"height":17,"x":270,"y":42,"pixelRatio":1,"visible":true},"bakery-11":{"width":17,"height":17,"x":287,"y":42,"pixelRatio":1,"visible":true},"bank-11":{"width":17,"height":17,"x":304,"y":42,"pixelRatio":1,"visible":true},"bar-11":{"width":17,"height":17,"x":168,"y":63,"pixelRatio":1,"visible":true},"beer-11":{"width":17,"height":17,"x":185,"y":63,"pixelRatio":1,"visible":true},"bicycle-11":{"width":17,"height":17,"x":202,"y":63,"pixelRatio":1,"visible":true},"bicycle-share-11":{"width":17,"height":17,"x":219,"y":63,"pixelRatio":1,"visible":true},"bus-11":{"width":17,"height":17,"x":236,"y":63,"pixelRatio":1,"visible":true},"cafe-11":{"width":17,"height":17,"x":253,"y":63,"pixelRatio":1,"visible":true},"campsite-11":{"width":17,"height":17,"x":270,"y":63,"pixelRatio":1,"visible":true},"car-11":{"width":17,"height":17,"x":287,"y":63,"pixelRatio":1,"visible":true},"castle-11":{"width":17,"height":17,"x":304,"y":63,"pixelRatio":1,"visible":true},"cemetery-11":{"width":17,"height":17,"x":168,"y":84,"pixelRatio":1,"visible":true},"cinema-11":{"width":17,"height":17,"x":185,"y":84,"pixelRatio":1,"visible":true},"circle-11":{"width":17,"height":17,"x":202,"y":84,"pixelRatio":1,"visible":true},"circle-stroked-11":{"width":17,"height":17,"x":219,"y":84,"pixelRatio":1,"visible":true},"clothing-store-11":{"width":17,"height":17,"x":236,"y":84,"pixelRatio":1,"visible":true},"college-11":{"width":17,"height":17,"x":253,"y":84,"pixelRatio":1,"visible":true},"dentist-11":{"width":17,"height":17,"x":270,"y":84,"pixelRatio":1,"visible":true},"doctor-11":{"width":17,"height":17,"x":287,"y":84,"pixelRatio":1,"visible":true},"dog-park-11":{"width":17,"height":17,"x":304,"y":84,"pixelRatio":1,"visible":true},"drinking-water-11":{"width":17,"height":17,"x":168,"y":105,"pixelRatio":1,"visible":true},"embassy-11":{"width":17,"height":17,"x":185,"y":105,"pixelRatio":1,"visible":true},"entrance-11":{"width":17,"height":17,"x":202,"y":105,"pixelRatio":1,"visible":true},"fast-food-11":{"width":17,"height":17,"x":219,"y":105,"pixelRatio":1,"visible":true},"ferry-11":{"width":17,"height":17,"x":236,"y":105,"pixelRatio":1,"visible":true},"fire-station-11":{"width":17,"height":17,"x":253,"y":105,"pixelRatio":1,"visible":true},"fuel-11":{"width":17,"height":17,"x":270,"y":105,"pixelRatio":1,"visible":true},"garden-11":{"width":17,"height":17,"x":287,"y":105,"pixelRatio":1,"visible":true},"golf-11":{"width":17,"height":17,"x":304,"y":105,"pixelRatio":1,"visible":true},"grocery-11":{"width":17,"height":17,"x":168,"y":126,"pixelRatio":1,"visible":true},"harbor-11":{"width":17,"height":17,"x":185,"y":126,"pixelRatio":1,"visible":true},"heliport-11":{"width":17,"height":17,"x":202,"y":126,"pixelRatio":1,"visible":true},"hospital-11":{"width":17,"height":17,"x":219,"y":126,"pixelRatio":1,"visible":true},"ice-cream-11":{"width":17,"height":17,"x":236,"y":126,"pixelRatio":1,"visible":true},"information-11":{"width":17,"height":17,"x":253,"y":126,"pixelRatio":1,"visible":true},"laundry-11":{"width":17,"height":17,"x":270,"y":126,"pixelRatio":1,"visible":true},"library-11":{"width":17,"height":17,"x":287,"y":126,"pixelRatio":1,"visible":true},"lodging-11":{"width":17,"height":17,"x":304,"y":126,"pixelRatio":1,"visible":true},"marker-11":{"width":17,"height":17,"x":168,"y":147,"pixelRatio":1,"visible":true},"monument-11":{"width":17,"height":17,"x":185,"y":147,"pixelRatio":1,"visible":true},"mountain-11":{"width":17,"height":17,"x":202,"y":147,"pixelRatio":1,"visible":true},"museum-11":{"width":17,"height":17,"x":219,"y":147,"pixelRatio":1,"visible":true},"music-11":{"width":17,"height":17,"x":236,"y":147,"pixelRatio":1,"visible":true},"park-11":{"width":17,"height":17,"x":253,"y":147,"pixelRatio":1,"visible":true},"pharmacy-11":{"width":17,"height":17,"x":270,"y":147,"pixelRatio":1,"visible":true},"picnic-site-11":{"width":17,"height":17,"x":287,"y":147,"pixelRatio":1,"visible":true},"place-of-worship-11":{"width":17,"height":17,"x":304,"y":147,"pixelRatio":1,"visible":true},"playground-11":{"width":17,"height":17,"x":0,"y":168,"pixelRatio":1,"visible":true},"police-11":{"width":17,"height":17,"x":17,"y":168,"pixelRatio":1,"visible":true},"post-11":{"width":17,"height":17,"x":34,"y":168,"pixelRatio":1,"visible":true},"prison-11":{"width":17,"height":17,"x":51,"y":168,"pixelRatio":1,"visible":true},"rail-11":{"width":17,"height":17,"x":68,"y":168,"pixelRatio":1,"visible":true},"rail-light-11":{"width":17,"height":17,"x":85,"y":168,"pixelRatio":1,"visible":true},"rail-metro-11":{"width":17,"height":17,"x":102,"y":168,"pixelRatio":1,"visible":true},"religious-christian-11":{"width":17,"height":17,"x":119,"y":168,"pixelRatio":1,"visible":true},"religious-jewish-11":{"width":17,"height":17,"x":136,"y":168,"pixelRatio":1,"visible":true},"religious-muslim-11":{"width":17,"height":17,"x":153,"y":168,"pixelRatio":1,"visible":true},"restaurant-11":{"width":17,"height":17,"x":170,"y":168,"pixelRatio":1,"visible":true},"rocket-11":{"width":17,"height":17,"x":187,"y":168,"pixelRatio":1,"visible":true},"school-11":{"width":17,"height":17,"x":204,"y":168,"pixelRatio":1,"visible":true},"shop-11":{"width":17,"height":17,"x":221,"y":168,"pixelRatio":1,"visible":true},"stadium-11":{"width":17,"height":17,"x":238,"y":168,"pixelRatio":1,"visible":true},"star-11":{"width":17,"height":17,"x":255,"y":168,"pixelRatio":1,"visible":true},"suitcase-11":{"width":17,"height":17,"x":272,"y":168,"pixelRatio":1,"visible":true},"swimming-11":{"width":17,"height":17,"x":289,"y":168,"pixelRatio":1,"visible":true},"theatre-11":{"width":17,"height":17,"x":306,"y":168,"pixelRatio":1,"visible":true},"toilet-11":{"width":17,"height":17,"x":0,"y":185,"pixelRatio":1,"visible":true},"town-hall-11":{"width":17,"height":17,"x":17,"y":185,"pixelRatio":1,"visible":true},"triangle-11":{"width":17,"height":17,"x":34,"y":185,"pixelRatio":1,"visible":true},"triangle-stroked-11":{"width":17,"height":17,"x":51,"y":185,"pixelRatio":1,"visible":true},"veterinary-11":{"width":17,"height":17,"x":68,"y":185,"pixelRatio":1,"visible":true},"volcano-11":{"width":17,"height":17,"x":85,"y":185,"pixelRatio":1,"visible":true},"zoo-11":{"width":17,"height":17,"x":102,"y":185,"pixelRatio":1,"visible":true}}